Continuous_Feature_1,Continuous_Feature_2,ClusterTruth
0.47310214726220023,0.23710032886365287,0
0.577593162727607,0.32487578332023326,0
0.34352819444408894,0.4447795052674308,0
0.5152947165741132,0.29250961306365875,0
0.4235629754164937,0.13199756567705684,0
0.5468665720239995,0.45525102233150627,0
0.5254838638420207,0.1541262278766302,0
0.3855422898203889,0.35633240869294286,0
0.4659298779290502,0.3850111671601356,0
0.5654677213568575,0.20153041132780086,0
0.3998289493160743,0.29056628940381496,0
0.44288182580622726,0.4114287314576308,0
0.5651408974024672,0.30922059738600277,0
0.49529003758374274,0.17453575095855633,0
0.40195272214200733,0.4619489949884308,0
0.37861121558334343,0.38984260506966717,0
0.5357293975184817,0.46064674634717095,0
0.5157435289177627,0.3439194649612951,0
0.4354131652004357,0.3238621497448546,0
0.5133474829509383,0.5950617995399279,0
0.4301397234485592,0.2995128286324354,0
0.42578542466884284,0.14875743167634278,0
0.44879197786549724,0.2664631770721125,0
0.406987059196484,0.35794844330541936,0
0.5039708724116887,0.3776336157552196,0
0.5132750971236802,0.21163340680581494,0
0.2694611480483567,0.3460354301748637,0
0.3622623736403728,0.34166813167628746,0
0.4603390609865968,0.35257170864026965,0
0.48335297440134845,0.510586413652965,0
0.31595649702511774,0.34909078095914564,0
0.4553332285361272,0.335284346307285,0
0.5342317352332392,0.11623092292514048,0
0.6425850079569424,0.24193163616286611,0
0.44488866112078423,0.42654709801233315,0
0.3364793302788264,0.4022967364913711,0
0.4984069396161056,0.40843757701799654,0
0.3211721810742855,0.5567748734614544,0
0.44652777736278243,0.24092950405722763,0
0.4905534393727594,0.36006941731514985,0
0.47233658505387804,0.0,0
0.5654620062318734,0.3713738725377689,0
0.4397412603487798,0.31313901553983464,0
0.505270363680992,0.45454885966489744,0
0.45129684098585376,0.49522911227384603,0
0.43053569059371183,0.3161501737180588,0
0.31012858781425523,0.29768678480515676,0
0.5106211813660404,0.34793131544020633,0
0.3843804251691226,0.40891528494831164,0
0.30565682981342535,0.30496575435613804,0
0.453511023145136,0.4127373613057927,0
0.4765975949478864,0.38463178758103933,0
0.47449927311982004,0.4923804916004231,0
0.3369499969371039,0.30934927577048066,0
0.5549689808791549,0.22809291243962995,0
0.5170216560484394,0.1851600509901889,0
0.37285823926751926,0.4309885357472101,0
0.3996891012271171,0.3379149753977447,0
0.4958446202955214,0.17438866996550356,0
0.4269734916694761,0.3955795400411014,0
0.394852003802624,0.2943900791586727,0
0.3476267295607316,0.39971819548189846,0
0.23673791396963936,0.39546625249312356,0
0.36975386390469356,0.32623845989011513,0
0.49730635076564017,0.42393969394293674,0
0.44789669580984204,0.3712335712369854,0
0.5105704514425515,0.5453514336373837,0
0.4913853611052896,0.2599801767745081,0
0.1951867209068893,0.5490202842483576,0
0.2332229539489537,0.4770806333332198,0
0.5085386362898278,0.3181642471869709,0
0.49822584392232555,0.27114119449517743,0
0.5497772235303342,0.30372108221831745,0
0.4980459991980841,0.4544757299732727,0
0.40862479162307574,0.5925442435993518,0
0.4757879008466446,0.4357285677478163,0
0.37033031658622806,0.35045481239910165,0
0.5694504171885857,0.27568949951158767,0
0.19101754439427537,0.32279208023928324,0
0.3254696630203811,0.3895188427691719,0
0.4802055990972007,0.2817858814210316,0
0.38705034860137366,0.2645602035332999,0
0.328410134104326,0.3787046117538643,0
0.4902052033908658,0.37475805743417806,0
0.5253919265518104,0.45487042518692405,0
0.4139641852787848,0.3010961025149539,0
0.3198788262686444,0.2322938592358917,0
0.4370404510091878,0.33383326550549547,0
0.6527037772562356,0.3683401282308529,0
0.2686504076412126,0.4983270790682803,0
0.1883832034587716,0.22145479365688292,0
0.4613765258494887,0.35464645444352383,0
0.5601671318350572,0.21125799709003526,0
0.2919023784623531,0.29697277167861136,0
0.37679975854288983,0.21363364394377826,0
0.4446181483890157,0.29687053491350657,0
0.26172783259471016,0.2665207566435603,0
0.5419006677827217,0.31299372730030545,0
0.4043410561398466,0.44497883137410005,0
0.45320356162114495,0.25103496748428983,0
0.38712018695316397,0.29416158337363935,0
0.43892261651683917,0.2990122112385716,0
0.5368223417164377,0.27702312607771595,0
0.36482935428803215,0.36330385493866846,0
0.6295578480821371,0.43486610872945597,0
0.477629207440984,0.3015144955016765,0
0.5353343877854202,0.5667626162678385,0
0.580552054320605,0.45759544543937136,0
0.503293733653686,0.2886123431754557,0
0.4697140767624205,0.42497324191319485,0
0.3917851114700517,0.5484493097999211,0
0.46655497375037697,0.44513947340223725,0
0.44646263138342834,0.14839363830765553,0
0.3796932229502788,0.3474156580480492,0
0.5442958086619181,0.3808158654755197,0
0.43502823952774333,0.3859997255022094,0
0.4047799651263291,0.2821217980830568,0
0.28623589467324617,0.381050063489514,0
0.4850199027722,0.6323259888685533,0
0.4652637621805251,0.42292620077775045,0
0.3918799418991984,0.40613656253118646,0
0.5156726091350095,0.2510260810579259,0
0.2705393734725482,0.4714381462511712,0
0.5503350386381909,0.3952324890251092,0
0.3260862422585792,0.3856095809488068,0
0.6244534361617993,0.18500429196111035,0
0.2689055495294043,0.36879061128389423,0
0.42226546565793965,0.22930352922002356,0
0.33067386944194066,0.4114769342447613,0
0.3670669198300118,0.2773277909880307,0
0.5881038460595883,0.3766528790923722,0
0.4558815451364879,0.4427166203054233,0
0.4543659734105644,0.4637050017850496,0
0.46133443589240586,0.5453659600120936,0
0.3690550546382709,0.39486302936798645,0
0.424417498316766,0.2901405497201262,0
0.38721545997300827,0.2839013269079676,0
0.4411388457319655,0.4544082396051754,0
0.42441173451034775,0.4114625162376999,0
0.4603117729328101,0.32857920775435784,0
0.36854080775711323,0.318701317263991,0
0.16124616379334666,0.5101238315186468,0
0.4287141071258384,0.3276950761283027,0
0.2842849745897151,0.5348027912811649,0
0.38332138654435594,0.34565138692831515,0
0.46384285272092135,0.4383449216622468,0
0.34752826555065874,0.46177252380037115,0
0.4253221458630022,0.49035190172109694,0
0.41636306243681026,0.3197433058870537,0
0.2530072101548888,0.32421162347791754,0
0.4791471387462338,0.4271858612571435,0
0.3982093991348223,0.6197288716183205,0
0.23248501071818378,0.34668334919781224,0
0.5774275879091637,0.4153581366624332,0
0.44036817617554375,0.18106364527411212,0
0.45322578817705383,0.3018979231723097,0
0.4405100836215785,0.4543387946326256,0
0.41910132122265364,0.32738410127042533,0
0.5223444476530245,0.35000004899129356,0
0.34239285705228295,0.2539096264564427,0
0.530122001173704,0.45161457172343,0
0.4994518310400825,0.36944916177793563,0
0.33413105635529794,0.32194179753230273,0
0.6293426455851724,0.37170293005749494,0
0.5044316061599903,0.3138475023074919,0
0.4416047401860617,0.38355217634256017,0
0.4292388948571398,0.3524248249396298,0
0.40329055828500027,0.38280072976089197,0
0.5721896763761511,0.3538760778885656,0
0.43613954889810097,0.3995362715419699,0
0.4506118323946369,0.41264988283062154,0
0.48545589721667615,0.33870219075284264,0
0.3053981340834736,0.3512778000571192,0
0.3299730244879307,0.3976038621039707,0
0.46811228346474903,0.2581118358983659,0
0.3753517262061598,0.5058805805990507,0
0.38270745933223593,0.3103263697913597,0
0.2764185297444099,0.35198473787734946,0
0.5111053379483644,0.5657648261669115,0
0.5613126391768873,0.383136981110263,0
0.5308989283896888,0.46391815429573463,0
0.45889685711839134,0.3363260510741022,0
0.6915932862214877,0.49455641681429674,0
0.2963507170363133,0.22939598982576773,0
0.487931873928412,0.24818106378036497,0
0.35540995930150937,0.3663176077084105,0
0.2657000290938521,0.3771787578998237,0
0.32436256511932937,0.18379316196855985,0
0.6166854741190357,0.22493451762261396,0
0.4822810888786505,0.28797677265937793,0
0.5928151639381103,0.3456623346502743,0
0.6229964910025676,0.32280727175544655,0
0.44288648443446227,0.30647841047274643,0
0.5341146082914987,0.1822530889059031,0
0.33969394300501454,0.2680666423488391,0
0.46467317180569173,0.26117972853477395,0
0.45800050346601107,0.4089808687708095,0
0.300055237236439,0.3609440021400023,0
0.4285949614345689,0.25343573693784216,0
0.3959495219782958,0.5492132992830379,0
0.3972216552599358,0.26379751227380793,0
0.4605367513591849,0.22919667628654086,0
0.4006087592917942,0.30980880446230163,0
0.5294069539367203,0.4948954474854825,0
0.5400921219666974,0.39997239649313626,0
0.3173298330459027,0.48060097349572944,0
0.4765251739694176,0.29302175352681503,0
0.34530400533343636,0.3320880418555452,0
0.48551188154562397,0.39137790002746026,0
0.2245041911628459,0.26516731136010746,0
0.34049117884439584,0.34531522459984554,0
0.4517254469655826,0.37984030299655114,0
0.3936115493920408,0.3248967416215844,0
0.47061013560476633,0.35017137139900384,0
0.370765780336737,0.3910547307657812,0
0.3101700801610833,0.3254767348047111,0
0.5747092403627879,0.23123202685080319,0
0.2522673327749332,0.5117595374441346,0
0.3573584515819154,0.33910289492464707,0
0.6036726415935016,0.3020757787525316,0
0.3474914696407265,0.41607803372752816,0
0.3982470482384595,0.38925187465250344,0
0.3801847301260477,0.2779897713154688,0
0.45079698665569995,0.38404540184746866,0
0.2892824768025638,0.28377273799419317,0
0.23328497503107162,0.38326918123739334,0
0.4326303228534173,0.3198352512443083,0
0.35791605046144964,0.3587131995521491,0
0.35964704306108236,0.4666077511472316,0
0.2905445042308845,0.22223743343631852,0
0.6474310838081986,0.20727627013032313,0
0.2967472466637968,0.3979995321275734,0
0.46679425201077507,0.4278318956039684,0
0.45030646699066773,0.33185931675744584,0
0.36736851947877136,0.2863530583462526,0
0.5723617401774791,0.3274967317605092,0
0.47621473180264573,0.5511045794186122,0
0.39159800105054465,0.3597969512125345,0
0.47032129189491745,0.21517704057364984,0
0.47077226917449505,0.40763525364234376,0
0.2964069180688887,0.21819282099707543,0
0.36795932219753347,0.3148195874768221,0
0.23496566764723678,0.35316653512731466,0
0.3385876180005982,0.366102443670728,0
0.34435049173708937,0.1336532252455934,0
0.5007424771700261,0.447758907298763,0
0.3605614461952477,0.20400140844168696,0
0.42030465142386625,0.33146461916057723,0
0.40388532060891996,0.3680243878333249,0
0.19630472560045736,0.2559101777978284,0
0.47876663888596493,0.4382191967225546,0
0.4056884089760169,0.35158660884329623,0
0.34527782165382226,0.5290401172787609,0
0.4467413433090892,0.46532399315786366,0
0.38342325891439066,0.3530568100694233,0
0.4000979266236673,0.3080208799789179,0
0.607890144480558,0.4995663886813565,0
0.2949463713982057,0.3602024048754009,0
0.461208435154839,0.4133428181151693,0
0.541912479958877,0.3135810952714944,0
0.5040007499629177,0.3571481888785839,0
0.4462694204389842,0.24272342890345466,0
0.3184256783962632,0.3434159034154892,0
0.42500305735996846,0.5663920779582858,0
0.5922468106791283,0.2937382034431369,0
0.3783064213778568,0.24248825026081963,0
0.32368265614038083,0.2464640194166198,0
0.4141053989606374,0.22427230908179463,0
0.3609742151539967,0.37260547428450697,0
0.35320288593414106,0.2694699275785601,0
0.3128774015006534,0.47677727990248203,0
0.6079511273665356,0.29370224211421314,0
0.39879634829778204,0.23684164787039702,0
0.4933368806399881,0.37611573021455846,0
0.5404775883455396,0.3072501979011414,0
0.5705834060885682,0.4452254337893351,0
0.512900885649326,0.40750185841327835,0
0.4164163255184619,0.4304677775014484,0
0.23445112853324648,0.3651050401982371,0
0.45693881618726473,0.31843021054415716,0
0.4218327553672971,0.46106401954628756,0
0.4035190385081167,0.4358566476592042,0
0.4819166027838597,0.24088611693994447,0
0.6002948055609048,0.21231618825553855,0
0.6422736772286365,0.21967746554377832,0
0.4296994063467282,0.4173961381356937,0
0.5837303510404896,0.3782360244789352,0
0.2554475682594469,0.4362575594336446,0
0.3757168953638566,0.46793369216269254,0
0.5924678995346183,0.4988013533146384,0
0.27273689108809795,0.32949618717417506,0
0.5065580148359026,0.34584594358982934,0
0.3581075928533024,0.38013040386471053,0
0.31336731731003686,0.3752253108092867,0
0.31828631523492007,0.5031250301050845,0
0.5000023082409462,0.3394755467523632,0
0.5049706278450978,0.2372534519439226,0
0.3637173540265318,0.3539623246410542,0
0.30172155557349406,0.25059451303867575,0
0.532878945764074,0.5269755137925727,0
0.42507017505416894,0.3684968847867691,0
0.4533180462820762,0.3259910252619457,0
0.46690618501470443,0.45104493800154755,0
0.47858212188949795,0.15932205281954182,0
0.47651262012334555,0.32070143620388336,0
0.37326854363024814,0.24449526387071452,0
0.3361715797422208,0.46162750112774187,0
0.2800520921981638,0.410059252250662,0
0.459574994159516,0.44348334117676,0
0.25063350823552355,0.34013271266783224,0
0.35192592889660623,0.2846299850523763,0
0.6065893147744105,0.48432128949657344,0
0.37266338621320977,0.3954751994884053,0
0.4681351127187724,0.34312439485724494,0
0.37905765651585566,0.2920562800966186,0
0.4405494194772498,0.27216025883303824,0
0.5158827764747997,0.33564785366268884,0
0.4102178099467519,0.3319257322882513,0
0.32375616636818205,0.43585608701264966,0
0.39043182341045124,0.4237745949109344,0
0.3845523876980401,0.40481014620319955,0
0.5050852051720361,0.1362068876309441,0
0.13966270435906974,0.4036573641729108,0
0.24849141952443543,0.24518498199173452,0
0.3133291810745145,0.1286875475017034,0
0.5906481549946173,0.24126532032647635,0
0.44235019759336347,0.45495299168907144,0
0.24944248000433852,0.3089132376355989,0
0.4013290178474982,0.3772197341076168,0
0.5970522718998612,0.41275702310040757,0
0.35216028594391974,0.5098983735241269,0
0.45551749059928354,0.31126493199999306,0
0.6141594168146975,0.3829233758630615,0
0.552780534779372,0.7409521499746345,1
0.8966005788771354,0.5913072885181458,1
0.7483021969666559,0.6616331176455776,1
0.8420229084029076,0.29669382293501423,1
0.634032175817159,0.6363735600581948,1
0.841259461738906,0.5432628030150137,1
0.5948748979122614,0.7007241348489333,1
0.6814682374758381,0.4523764179830557,1
0.7336235065590564,0.6061341470940158,1
0.8870963695694585,0.36634301717521284,1
0.8529368874966963,0.6112736766302813,1
0.6899460286022614,0.610522720563226,1
0.740236336394676,0.5778839094149557,1
0.8130730815936111,0.7301833597967688,1
0.698170180814665,0.6513324212711833,1
0.7891260795023505,0.49809496860111774,1
0.6289151854515468,0.7220336152730329,1
0.9886617003313822,0.5521023762560852,1
0.6729836043064337,0.3698549370558627,1
1.0,0.5423768789432823,1
0.723003207126578,0.5675268279393813,1
0.7398432575009335,0.7046689971476332,1
0.8698138720259789,0.6263762692984353,1
0.8711191403202183,0.5913303861973505,1
0.5937283003828179,0.5922885226594805,1
0.5146208934098941,0.5362128376004114,1
0.7587793857651811,0.5019695427571509,1
0.743860859828267,0.7638407127396294,1
0.5114516359392022,0.5049076144252092,1
0.6485774567575359,0.6621958559127354,1
0.7136881756220785,0.5582694490688421,1
0.5291308902580532,0.6371807324834324,1
0.643690966798562,0.43104503666563965,1
0.7785912879834619,0.543859493351037,1
0.572491228321117,0.5884310288692705,1
0.7846170008413358,0.5708975516548478,1
0.7472776683022162,0.5207177936274243,1
0.6132939905923437,0.7235009933111135,1
0.7857503824762719,0.48566493456846327,1
0.7228217212186068,0.6754192473899123,1
0.6815111627629071,0.5507779384395455,1
0.7501712616072223,0.515186473682015,1
0.514930415094773,0.4657188251386327,1
0.8263011167837917,0.45796697103807615,1
0.7499968283611225,0.6225461075045065,1
0.8275464378143593,0.533162530490927,1
0.7513452631974876,0.4046046003244524,1
0.7035446085025963,0.5263045312741172,1
0.6326550445371806,0.5314194881855986,1
0.6978174181967198,0.5190839602478704,1
0.4266029031215962,0.7674390283171504,1
0.7862466644364858,0.5402568923920243,1
0.8618726579184347,0.5628293077487138,1
0.7456985161717696,0.6013869644214187,1
0.6260180460634677,0.5494113204702282,1
0.5575356747928423,0.5420248102864718,1
0.6513580528419005,0.5058318388107239,1
0.7870681094379561,0.531470939171404,1
0.5737373104188446,0.529775702757206,1
0.965824398934989,0.477870007139069,1
0.7204324772606301,0.42213678374476976,1
0.7566680218124987,0.5764230326106976,1
0.7637338272483504,0.558947266609412,1
0.6918939808340907,0.5577366221699787,1
0.9350284888079425,0.30296685028794,1
0.7577945665044135,0.46048467433462215,1
0.6971950769553217,0.4483205822553419,1
0.8475909752299207,0.6130689450859452,1
0.7440149730173631,0.6431211016313867,1
0.6939300324801647,0.6248987176035747,1
0.9274520835210279,0.5441705642028556,1
0.8155489582948525,0.4380123113751575,1
0.8715672662696516,0.5538366955309201,1
0.7889967822736935,0.4748601976642914,1
0.46701690657447553,0.4434540522394056,1
0.6782602087505591,0.4598649742265639,1
0.7846448900648137,0.5623253213861935,1
0.6403313322181426,0.5271734576758885,1
0.687833841619968,0.5760029044241214,1
0.6198190170102481,0.8201120636179972,1
0.6754472467237777,0.5414496812812783,1
0.8088354651418276,0.6847630474907294,1
0.7477270791699966,0.5484591815855673,1
0.705078771579609,0.7414764796764034,1
0.629869379897368,0.5219905502386541,1
0.651831859732517,0.49562650258268426,1
0.942452800236665,0.5580203227399967,1
0.6175624086564104,0.5204253136926327,1
0.6079877968113601,0.7150343530709412,1
0.7117894148495852,0.5096179880659544,1
0.5460969872685146,0.5714680858642355,1
0.6203463134067224,0.557058972386818,1
0.6526205545767617,0.6234928438485752,1
0.6059224921885533,0.6377728586356222,1
0.6991143988374822,0.48695004075640747,1
0.8246608634887762,0.6540546738859618,1
0.7787527461980621,0.4772934216087287,1
0.713992714732677,0.6158862331349547,1
0.6706154426228355,0.5504478050174781,1
0.9273323116848226,0.5637748414661363,1
0.7557042207902565,0.4711451612101556,1
0.7032371469979157,0.5032940384848537,1
0.6853451978751779,0.6666143283155488,1
0.707863440494888,0.46006180176989786,1
0.6433580957764509,0.5828251661422759,1
0.7648107824295732,0.6146369130699011,1
0.6926602392304513,0.5126765519795116,1
0.7164727533699919,0.3192553248623605,1
0.5385955070151842,0.3119822607984845,1
0.6831661930651134,0.4737825698794057,1
0.7071309684868283,0.5168894253865012,1
0.7367898558458206,0.5888261813356174,1
0.8028221233629165,0.46526176650879003,1
0.707187799991022,0.35668677806334115,1
0.723483112017091,0.4971007102328558,1
0.6046574300459019,0.45244050284477755,1
0.9334410774336054,0.49015807327863026,1
0.645637270440144,0.6425802208456204,1
0.6311272430723497,0.40903024854032194,1
0.7887372754140105,0.5431481760240877,1
0.6942638925399711,0.6636382947074877,1
0.6450487815868349,0.4848608539705316,1
0.7188387923979167,0.5138713194847494,1
0.6746350220518738,0.6871097024337327,1
0.5135713485375979,0.5775147205347856,1
0.6388184944842111,0.581946001408272,1
0.76276596969781,0.605182495358521,1
0.7673989175108049,0.4418630770066799,1
0.6992365156232119,0.682506528872478,1
0.6107175223780839,0.5750702452560361,1
0.820595470209138,0.5462552516808681,1
0.4813236802611781,0.33644129829581776,1
0.8337169870809138,0.7570448982905715,1
0.7445543809470279,0.5070566583340956,1
0.6559023726113625,0.4486685830434197,1
0.9512493687442303,0.5261276084585549,1
0.8580475374033214,0.6186325096831763,1
0.7045718889693064,0.3717240693326808,1
0.7236796742496759,0.7565171513357938,1
0.6293466032804279,0.6575250224548743,1
0.5386202888925644,0.5852087918237159,1
0.8570620362005872,0.5316814599470062,1
0.686613123943093,0.5221201249572639,1
0.7463593869277754,0.6956044155589536,1
0.6160891873193048,0.5671658872335499,1
0.7586373719102402,0.7172650047243849,1
0.6793996295628724,0.7197810946881673,1
0.7263019777582208,0.5731836733476333,1
0.5633471122354806,0.5138918212457565,1
0.8074518605749283,0.4088298706194229,1
0.7940892254713132,0.49237184469005635,1
0.7100039499774129,0.5172347474233869,1
0.808432696907658,0.6693332968941963,1
0.8999551605429932,0.4854848279435358,1
0.5719569462461094,0.4922114442355152,1
0.7879014395891106,0.6440480310388046,1
0.640721793157228,0.42408004529676696,1
0.6227308545726546,0.5722507628560363,1
0.7845290184783149,0.4986202517819941,1
0.7925649565940441,0.6176223786482206,1
0.8173682743799564,0.484846874438734,1
0.6317551754564839,0.4597071518667242,1
0.7616342069955233,0.6215723756025866,1
0.7934146008754095,0.36889406443158174,1
0.6512574823163356,0.5831898439395042,1
0.8129853405356624,0.5887230919819982,1
0.7922526244846604,0.4758525545181687,1
0.5397382934353521,0.3940770720268114,1
0.7167868855531916,0.3881170728857407,1
0.8634601852496042,0.4715487083064456,1
0.8002087769705597,0.5510200799785829,1
0.7697986210289661,0.4753424771376279,1
0.8032125940743213,0.500210000804665,1
0.6433356514937603,0.6736814730667293,1
0.6198646177826638,0.5278654363508601,1
0.8986862806434421,0.44831096595109876,1
0.5619052470097152,0.5264957740398738,1
0.888783503407583,0.5182717944965034,1
0.7146341786424046,0.46382703286660176,1
0.557722900987252,0.6422879209747767,1
0.689506498859771,0.34514382584052267,1
0.6545398204558537,0.5612252852383824,1
0.5221303385796525,0.5615094096914703,1
0.7588444759506094,0.5509884121317085,1
0.6410143451521044,0.6456643332001784,1
0.5626684322960718,0.5812705416875976,1
0.6586783271217319,0.6196867910155699,1
0.5063349322009542,0.3839175425342315,1
0.6584356503264863,0.6435573632659445,1
0.6575266374030133,0.6243070636924383,1
0.7516975072075953,0.6631514659477842,1
0.715701850620371,0.5720031287748397,1
0.8536330878608953,0.6841183207511616,1
0.5677595425181203,0.5780290441207818,1
0.7296130662012785,0.7218302178113742,1
0.6059760891793338,0.48114915440239975,1
0.7948609371561484,0.5566527011470086,1
0.732563547073387,0.5588908614149395,1
0.506365541763827,0.39747641389593574,1
0.794147915842127,0.5797779329548112,1
0.7212730772570264,0.4810069964788788,1
0.7639131910706349,0.48016896919845375,1
0.673719311706231,0.5587028155800442,1
0.6457044963619238,0.5607359542890988,1
0.7363503661943864,0.5331533546788585,1
0.642230376004028,0.6529080487873629,1
0.5934110451255544,0.33824034931931424,1
0.7175711398271027,0.5340715484030836,1
0.6458129562324729,0.6254165960744453,1
0.6933087617738091,0.30306931743573506,1
0.4837814820789239,0.5583585610433601,1
0.7424535248100774,0.4768271709541119,1
0.6720546721214209,0.5142896739799339,1
0.6763753698818642,0.5875065401878576,1
0.7141164064490765,0.6667352720147715,1
0.7490066172051171,0.5316192948698297,1
0.9118992345308118,0.5101926650754423,1
0.8825375734185736,0.4154914982789457,1
0.7125152432597897,0.7388737026436196,1
0.7821478363724788,0.6066175441547867,1
0.8889794966694973,0.7787471487930744,1
0.6718801580223446,0.5627777439344179,1
0.6806738704535408,0.5809720093162996,1
0.667779144911862,0.4563954948963217,1
0.6236345691950056,0.48499571935335906,1
0.619051763601729,0.8268516304803054,1
0.7150899670089397,0.46547671288966824,1
0.7017218680574231,0.41494200353771304,1
0.6813668201073847,0.6418204662479645,1
0.8192762185650939,0.53405077514149,1
0.74313894874003,0.7125229118106514,1
0.9774511792673146,0.42738267633090066,1
0.8398300153144784,0.5199846438589963,1
0.9152590736361659,0.5128716771354261,1
0.8641069410739366,0.679995163315456,1
0.8279388094719884,0.4470541646816052,1
0.7173212554426731,0.46698984134614246,1
0.8203820128965821,0.6338124934830873,1
0.5769336359594868,0.4783905107346116,1
0.6131624694606063,0.5991957320587169,1
0.666332401420358,0.5534503630825738,1
0.6315368751796772,0.6210393466130915,1
0.7615476721858947,0.6127504666747732,1
0.5909967180692473,0.5125947810298996,1
0.8025263001775653,0.3652624723487105,1
0.7603663230761168,0.5003570690158321,1
0.743859457626364,0.3571657096790797,1
0.8073315675118833,0.5858785774129571,1
0.6976997035195593,0.5598040317931376,1
0.7862343260279812,0.5907513821288695,1
0.621055699383797,0.644441188407829,1
0.5956224966621347,0.5581424594130581,1
0.8825663805441404,0.644329353702209,1
0.693453481516785,0.4820469234046671,1
0.8632287448637295,0.5621087712040624,1
0.7047857764070105,0.46284131152156727,1
0.8521798570629548,0.7976484215112932,1
0.74921190143283,0.43060502083510577,1
0.971402429727568,0.6228101830999757,1
0.7370308753982204,0.5096706929764995,1
0.6915108772066395,0.5324233071938989,1
0.6861123868625555,0.705047746586283,1
0.6034408318551355,0.4121812103083585,1
0.6388614548821787,0.6111887460996495,1
0.7120188505404695,0.44253068279080354,1
0.7183042890655116,0.3440843521945531,1
0.4734215022214003,0.5448381959601547,1
0.6596933723612088,0.5141257016175007,1
0.5179364242523951,0.7579595257436196,1
0.7826395915346339,0.47025768993025485,1
0.9154945304162256,0.7151824742839372,1
0.9612986762047259,0.4350563194413638,1
0.8702124975700993,0.5399316354835757,1
0.7335845550665814,0.5945837332474808,1
0.7532307436481669,0.49084142677890286,1
0.5500156705470208,0.7075646187323702,1
0.6868201946517356,0.5723725033205693,1
0.8743995115341108,0.4961048767308559,1
0.629094557442292,0.5489699331401552,1
0.6960440946919966,0.5752883605158285,1
0.7113270917158767,0.6324120734952097,1
0.5999212375963712,0.5135589310419739,1
0.7946556600802737,0.6074697390929404,1
0.9919453797878649,0.4497050703185499,1
0.7316951709259553,0.525987834639458,1
0.6189854237568115,0.6679622791773769,1
0.7248035580117993,0.6761719417273562,1
0.6671681444327046,0.5993827882178354,1
0.7766602682398904,0.3949553571230297,1
0.6676202309381905,0.5944747648685855,1
0.4921877639858395,0.46482052633016624,1
0.5683257933702573,0.5610448843341143,1
0.9862526199148528,0.6137608832184087,1
0.58926236184122,0.5384997273286547,1
0.7019983613407059,0.6061550854521549,1
0.7506172998831774,0.46838018931281306,1
0.546493591540257,0.6104368656119885,1
0.8087474342910836,0.49388205449510536,1
0.7031643761105747,0.5402432073605115,1
0.7323648769104938,0.6378481936540916,1
0.6384987415583333,0.6740963397800841,1
0.5474548751674007,0.41229946822745384,1
0.8973228138630889,0.4949329862818823,1
0.6365450021224749,0.5011140006241985,1
0.7885336591366423,0.4667644868524784,1
0.843159602032812,0.6099346500899021,1
0.6601480890219944,0.5941528218794425,1
0.6887893377439962,0.5202305753300829,1
0.8160898428743932,0.7488535501509948,1
0.6989768073601476,0.4516660312080647,1
0.9622662163890182,0.6299571929991853,1
0.6811620792115598,0.6656577210210479,1
0.8068483605555875,0.47409520350397594,1
0.7801851481956663,0.6197595889748531,1
0.6978522215153218,0.6132230722823135,1
0.748814888341525,0.76643298051573,1
0.519230369831441,0.3993210190322823,1
0.824850380842612,0.5170595145936795,1
0.9811601507060577,0.47087174857579,1
0.7307581419711506,0.4319577299269507,1
0.7785067307223725,0.8683520247678744,1
0.7828561032594599,0.7653897372323447,1
0.8256126454485371,0.48996082798412477,1
0.4966071754381002,0.7069187050525246,1
0.7738926147343905,0.5326118448378042,1
0.5612989168912039,0.6298879595165331,1
0.8648819590527492,0.7676871405505454,1
0.7748053753746018,0.445358614221641,1
0.6939241253411821,0.606632572971608,1
0.7086178909583729,0.505461043483933,1
0.7115828043084156,0.47990218889362546,1
0.6586997357994617,0.5780891420733558,1
0.7100639565764436,0.39919141338811004,1
0.38184561665158456,1.0,2
0.35411362568650123,0.7869464806541995,2
0.4385213384652382,0.5911390999771831,2
0.38271349483612715,0.8386578142562566,2
0.441608675479546,0.6125328565611818,2
0.3848052714005604,0.7264548181591859,2
0.45511072802081914,0.8331001651407619,2
0.4529470381248207,0.8994899393577571,2
0.35080669155000355,0.7670228406973565,2
0.3476324556426565,0.6939259551930339,2
0.34097247770000033,0.7202918208051959,2
0.39114986004933894,0.8478620550667038,2
0.31165570051070945,0.8265143422195435,2
0.4933794973667468,0.7447753657781013,2
0.37508171516523814,0.6985639737136057,2
0.3903395455487569,0.630622194350301,2
0.43531039799714877,0.6238487220940523,2
0.5237949825696627,0.7731076877572629,2
0.3493173220536333,0.7234072136770746,2
0.3134125420457117,0.5999400629837892,2
0.6789012857052044,0.5032162448977697,2
0.35272619046868514,0.6200523506731823,2
0.4017190114116756,0.49961890454182256,2
0.48498118755178304,0.6919277773452134,2
0.49974175138660476,0.7507547414068616,2
0.3033258067026755,0.5385068332010157,2
0.5450559833573747,0.7914651260611618,2
0.3869254635860888,0.6354270315654655,2
0.41274514461997724,0.6495165594632926,2
0.38714962381199575,0.7840299538381974,2
0.36319115779754796,0.6596235824174974,2
0.41403394263456056,0.8290524627196117,2
0.4999915294259325,0.6029268673543982,2
0.41677832949205385,0.6142031771387972,2
0.3528149133998733,0.6211801269698294,2
0.25863319281965386,0.6523694044199106,2
0.3834854546205632,0.701968188172517,2
0.47811283740998467,0.7639732204844326,2
0.3338767781674679,0.6260104179393702,2
0.37330502929703774,0.6205905049137134,2
0.4446089410305327,0.7372376974054006,2
0.4369136982515746,0.6102791985455873,2
0.3799145247372904,0.7449684780884505,2
0.4591789054122025,0.6959680271202977,2
0.3549182508895806,0.5982367025362465,2
0.6578508885330591,0.6841858184657879,2
0.5905986950770986,0.7688019839126282,2
0.36259640915777935,0.5022889351949703,2
0.3607271956438368,0.5109941221791537,2
0.42953478129586165,0.6418150491820742,2
0.44928261815096115,0.5782175148477168,2
0.4120949509072941,0.6056372901774593,2
0.3768103874333139,0.7745136246838271,2
0.4886236920842288,0.6653967906165088,2
0.3071461264296963,0.7325534605245039,2
0.613617967186867,0.8089249970798568,2
0.31871402294751816,0.6424032096543106,2
0.28487295974321303,0.8471641022946411,2
0.36145253151232687,0.7541774227054416,2
0.51294458879008,0.8721203107228317,2
0.45113058625461466,0.5044821813726057,2
0.3403523624708187,0.6624820565365238,2
0.49047632094397586,0.6805293599075078,2
0.41432934339597055,0.6724666004213768,2
0.4924577951496108,0.751241341071176,2
0.4375540829476052,0.8051673728407603,2
0.3072456639199016,0.7156986375527974,2
0.34852558047092086,0.8212396744846443,2
0.31751427466762516,0.6085472817146174,2
0.38617870740342486,0.7808873279911603,2
0.3874237942463068,0.7814595167988704,2
0.32478947229177735,0.8826169856171838,2
0.5218464305020311,0.7957916682188443,2
0.21086542954710033,0.5485266594505978,2
0.6036595508892315,0.8027419546136328,2
0.4592850074919993,0.6245705288426846,2
0.3101204012218571,0.5022808104343828,2
0.4937189151481648,0.5088916588737205,2
0.5485514467566581,0.7555807753988966,2
0.43882251996351507,0.7305725545175443,2
0.5535060782089998,0.6716372863782267,2
0.5243005116907126,0.7525405345567726,2
0.4094778873507112,0.7350079855558971,2
0.3549448349215051,0.7277415875556721,2
0.45354255396037896,0.6668366312452478,2
0.5402613023342291,0.790311216413409,2
0.5441066384327782,0.5022748473866149,2
0.4409597176297156,0.6116297009099125,2
0.3888264087556167,0.5652781487963006,2
0.3666832531093323,0.6538132560373975,2
0.3081545905797149,0.7285797669373026,2
0.38428454643988363,0.8204698584894714,2
0.5966823111938127,0.6673312883080103,2
0.38397660668479683,0.7193535182502167,2
0.3973667608334193,0.6230375029660136,2
0.520960863061299,0.8082432575683963,2
0.4099323481587011,0.6534274601522096,2
0.48384991038057595,0.7283811861860808,2
0.46644251517331614,0.759978071344027,2
0.30219925335481235,0.845621619449435,2
0.4829730209139589,0.6155494610345269,2
0.35782954810167633,0.7350030408116143,2
0.4224298190579398,0.6771478507704956,2
0.3834468415354241,0.8444417708389095,2
0.43002359378357957,0.7887557516505754,2
0.4084922759954737,0.7891950758824353,2
0.377182098992809,0.7064524140133149,2
0.5136093521053229,0.8067964223121525,2
0.4803882722436077,0.7364039524804923,2
0.42322251877695716,0.6984953355925101,2
0.36798601302827294,0.5924356448195041,2
0.45413906357938855,0.689070103721704,2
0.533786604412051,0.8980279491283147,2
0.40111035942680406,0.5308748339483954,2
0.6948278297340772,0.5653949636657609,2
0.28884303890889595,0.6557368666381738,2
0.4718514767084113,0.6252241674218789,2
0.6134493654968742,0.6806762557564157,2
0.5997106625197108,0.6348624422436031,2
0.30772106875089944,0.7146831708194861,2
0.23161702285933555,0.7443364870322277,2
0.5754359971925356,0.8213240812372229,2
0.18875316683121285,0.7915439009476349,2
0.5114178775978491,0.6257798650230513,2
0.18071701691507144,0.5925501352034275,2
0.48759518059681933,0.8820800719558938,2
0.3323262886133281,0.7204206381487939,2
0.33651856332795926,0.7631989247583808,2
0.3744262480877904,0.550805535886552,2
0.41588344856544,0.6134032738730736,2
0.3497492817129151,0.6661137956115146,2
0.4558964229574112,0.7302702031988648,2
0.5265549751594967,0.8106377109080507,2
0.28042813748208206,0.8488345603599766,2
0.3417742895748569,0.759784051915824,2
0.3097167954783052,0.7983019683301498,2
0.47572557043044067,0.8218000700046773,2
0.5132904527261976,0.6984729037316357,2
0.5403341999220415,0.8960662017521868,2
0.526012568351504,0.6399797837419872,2
0.33271997830202527,0.5907214657334283,2
0.2473613796554679,0.8379358298012314,2
0.520574139599284,0.44699476274066946,2
0.4581765297236639,0.736729162123513,2
0.4442187463058676,0.7105072249608655,2
0.6357824311036756,0.8962377982622884,2
0.29626296133846897,0.6030824905624885,2
0.3325610182321692,0.6224819345974637,2
0.3818358910579416,0.6912485517295801,2
0.33237336549056046,0.672700669311779,2
0.5002154601494919,0.8187459079652282,2
0.36448810504086593,0.6429287389029438,2
0.405465529806653,0.5753777304103095,2
0.3181141203693927,0.6944183049902557,2
0.40587251944832325,0.6508650982808832,2
0.5532787780499814,0.7106164435030866,2
0.4094670812187028,0.7836712547326633,2
0.4019217679367874,0.8605592208427759,2
0.42453082513868684,0.7346218374056857,2
0.4514535692604004,0.7198004919696321,2
0.37941854498206035,0.7316270585341353,2
0.4445222696686313,0.7321487912590996,2
0.569439490620278,0.672687573123528,2
0.4174102244141994,0.8728171220017985,2
0.19572407048010565,0.6854274684337,2
0.3495147977259144,0.6686833281422253,2
0.49858652479602195,0.42812825306792074,2
0.4191073432155642,0.671422938685492,2
0.41483061590190823,0.5688205345467843,2
0.0,0.7866218859384306,2
0.4669849960230594,0.8643211877340627,2
0.47457786770411337,0.6721597090423655,2
0.5032595436078869,0.7521765136303795,2
0.5100188849331156,0.902477319402398,2
0.44777747201108287,0.8690087473653414,2
0.24743023141291387,0.7011017963709565,2
0.5047126523104006,0.8727620562453099,2
0.36109579768498806,0.6709177902626157,2
0.3143461923458255,0.766690978942315,2
0.3573614864487488,0.8100215447468728,2
0.2491704293828937,0.5656521932111205,2
0.5603202880048297,0.6953980625946983,2
0.4640384689091885,0.5032814824989394,2
0.33688443240495236,0.6523882090991292,2
0.5455231492369705,0.6775135028889606,2
0.5060939191285441,0.7073369377958993,2
0.32227484499456177,0.7287207047841495,2
0.4020197944970737,0.610258394917732,2
0.555674522877363,0.6616812791366994,2
0.42930846438675063,0.780285154652685,2
0.44432566253527495,0.6196337833459522,2
0.2094021627630562,0.652923534631783,2
0.31551191278158736,0.7769143501705659,2
0.37702964621796403,0.47622395720208754,2
0.5744387837935635,0.5413914202215931,2
0.3627080563038857,0.6500747515706083,2
0.3926424804321849,0.7926109171104792,2
0.34399286632383297,0.7265999202880505,2
0.277804531185293,0.8168385089515382,2
0.5350215531638807,0.701174635626197,2
0.41695342285070724,0.7230889246211645,2
0.39857214153439696,0.6168167391926158,2
0.4253006316761904,0.7568756097196656,2
0.4705880079339729,0.7246377844627057,2
0.6171662338891999,0.6208529890441166,2
0.3339241987080683,0.6268868441097593,2
0.43099246829200155,0.8219535689618587,2
0.3701964816577534,0.6782155598939552,2
0.46163981487543443,0.6190403701712683,2
0.2909879765226333,0.5816225262644519,2
0.32316224639189,0.784819379138246,2
0.2756523782147432,0.6032329608784093,2
0.32758868853019546,0.7215486505617921,2
0.33259166373189175,0.4771863591508759,2
0.5522744566757883,0.6476715312968644,2
0.4488876618269233,0.7299850091789284,2
0.5473754236738109,0.7566225097260098,2
0.31710923428007104,0.7590127741759294,2
0.4358188183447015,0.6629761809215786,2
0.4513289852977628,0.6652096691394402,2
0.26291901034033677,0.7913766818703084,2
0.503309955754586,0.5803325911996238,2
0.5534280888883529,0.8621683614371944,2
0.31487602279755944,0.7334695134575069,2
0.40318443431442674,0.7844457554375008,2
0.41349522176798253,0.7690726729049174,2
0.32458395038623133,0.7198811303044229,2
0.2928883008381388,0.5338056344086066,2
0.40429789839365576,0.8708928558505314,2
0.4243961322290008,0.7974697935750515,2
0.4168796203122393,0.7191936179167286,2
0.49433320185704316,0.6925210108782565,2
0.16814401559962916,0.7169405479344251,2
0.23575042120083428,0.9079101204016672,2
0.49486741741669393,0.7035641696214916,2
0.45944376786470426,0.7886269731039794,2
0.49812858298964396,0.7520190764257921,2
0.4163353160064575,0.6727398996226402,2
0.40137776714374396,0.6800336997042361,2
0.28661307813617176,0.7379391578460148,2
0.4985916175001122,0.7781190065958743,2
0.5313798950285638,0.5905476846109168,2
0.3243051480343599,0.7262612732881167,2
0.4024963991796814,0.6494759080375925,2
0.505278570915547,0.8569502045191295,2
0.4934362764114845,0.7274794765261531,2
0.3024008030342411,0.5783679366845735,2
0.2702293977597908,0.8070236055786922,2
0.36437552818234203,0.7572015383697923,2
0.5579940503000871,0.7562339682793717,2
0.25448786561987347,0.8080356615338834,2
0.3870924391901573,0.5635985728234129,2
0.4658937751395876,0.73230181236545,2
0.5569586193251899,0.6137312458413502,2
0.464644980662805,0.5984316739811296,2
0.5848816878927058,0.653012423421605,2
0.3542501612651421,0.5778872584035073,2
0.21886019209204755,0.6951180855935368,2
0.35282650855574416,0.6617726244633217,2
0.46932347703357435,0.6474004847160888,2
0.4263302686827721,0.6084141431697979,2
0.41706883474990036,0.7173630618428007,2
0.3197124728823427,0.8872006685047716,2
0.5797488088345779,0.7161559588169655,2
0.45311485774185495,0.5721598224199249,2
0.29571314840693325,0.7129104219813065,2
0.33971387914188167,0.626432360351592,2
0.4880315243485313,0.5223378887431531,2
0.5801402696823956,0.7297348878296704,2
0.6101388584043346,0.5956976951438615,2
0.3801474829969099,0.7720794194463018,2
0.33855772819817564,0.8926763740478363,2
0.42669090088314937,0.6239948107955671,2
0.34796147001781885,0.6020072338117823,2
0.35124536269525286,0.581323700240241,2
0.41023401366130763,0.7477986697973587,2
0.6628614955315194,0.7790442118676058,2
0.6991290436365285,0.7057130823569592,2
0.44304752035952233,0.6089013029268759,2
0.3822076670084357,0.7047424175435608,2
0.3949144962679266,0.6275096373368879,2
0.4991608068588437,0.7042545918110346,2
0.39567867614425506,0.6033949499220761,2
0.5050174952186045,0.7564118778129305,2
0.4248671069216313,0.6664729070640958,2
0.21314510346741422,0.6706966222927682,2
0.40567674134279624,0.8133581068640242,2
0.5337723389622944,0.7288147440666857,2
0.3255170787187847,0.7321338281070637,2
0.49707700657894793,0.7134916959394852,2
0.5875203541311309,0.7196104551151126,2
0.4096769572944685,0.6595734163309291,2
0.43800862390239026,0.7656924583591342,2
0.5065485913158844,0.8361707090764372,2
0.4407117986509133,0.6998982317630318,2
0.332899964513361,0.7563594152642266,2
0.43135092514009155,0.7768281431140865,2
0.39289196797921255,0.9044425525730547,2
0.5576623683817952,0.7134229695995493,2
0.3313384035104332,0.9345008180212597,2
0.281343719641878,0.7245207675172161,2
0.411222891637064,0.7383183227714201,2
0.36584484802478373,0.7923769536913314,2
0.3887392379284313,0.5653386314860572,2
0.3745709519946751,0.6320457400403866,2
0.3840546308281676,0.6245842720260741,2
0.30661992855563375,0.7293318098321844,2
0.33451200815271853,0.6567941600832325,2
0.4980125687720861,0.7657373873561408,2
0.3666614696919999,0.6867901066345552,2
0.5045506042196183,0.8272725494616429,2
0.4636564765015451,0.5818730902750933,2
0.45448388380498494,0.7405308930192195,2
0.3628994100707774,0.6970953171473522,2
0.3691368832803583,0.6805980415634365,2
0.5648754736407573,0.7100373047177739,2
0.26947446208551495,0.6068445611709534,2
0.4436422718393284,0.6764046492959034,2
0.4706011986850999,0.8102802985157288,2
0.48636375709766433,0.7539175131093098,2
0.3042447591293048,0.6846890422722591,2
0.45569701868069956,0.603870553231397,2
0.1425545875509645,0.7037027781729196,2
0.3896666271188518,0.6563425444511641,2
0.5423569499745469,0.7214557325900147,2
0.20924053510735455,0.7263423014082628,2
0.3453555982928126,0.7448641126973532,2
0.63458462472909,0.7732864662991921,2
0.4830066521879893,0.7334410450651467,2
0.393043243929978,0.8113840131146359,2
0.4399556856542303,0.5649756958656982,2
0.4597476284074313,0.752454905664514,2
0.6407129813873546,0.767333646267478,2
0.6552538847083061,0.598461823279744,2
